Street Name,lights

SASTHRI STREET,26

GANAPATHY NANJAPPAN STREET,14

SAMPATH STREET,44

KAKKAN STREET,10

GOVINDASAMY STREET,7

NEW MULLAI NAGAR,13

S P KANNUSAMY STREET,105

SHANMUGA GOUNDER STREET,5

THAIR ETTERY ROAD,15

MURUGAN NAGAR (I) STREET,5

MURUGAN NAGAR (II) STREET,6

MURUGAN NAGAR (II) STREET CROSS-4,2

MURUGAN NAGAR (III) STREET,2

MURUGAN NAGAR (II) STREET CROSS-2,1

BALUSAMY NAGAR,10

R G NAGAR,11

NEHRU NAGAR,84

ANNA NAGAR,119

NANDHI NAGAR,4

VELLAMMAL STREET,5

M.G.R NAGAR,21

LAKSHMIAMMAL STREET,11

ARUL NAGAR,50

NANJAPPA STREET,17

SARADHAMANI STREET,4

RAMAR STREET,4

PAL MARIAMMAN KOVIL STREET,1

AGAMUDAIYAR STREET,6

SUNDARAPPA STREET / THILAI NAGAR,5

CHINNATHAMBI STREET,10

ANBU NAGAR / THILAI NAGAR,2

THILAI NAGAR,14

NARAYANASAMY LAYOUT,93

NALAMPALAYAM ROAD,1

RANGAPPAN STREET,4

KAMACHI NAGAR,8

NARAYANASAMY GOUNDER STREET,19

MARUDHACHALAM GOUNDER STREET,2

OOR VELAPPAR STREET,1

SWAMY STREET,4

KANNAPPA NAGAR 9TH STREET,4

KANNAPPA NAGAR  FIRST STREET,3

KANNAPPA NAGAR FIRST STREET,3

KANNAPPA NAGAR 2ND STREET,6

KANNAPPA NAGAR 6TH STREET,6

KANNAPPA NAGAR MAIN STREET,1

KANNAPPA NAGAR 10TH  STREET,1

KANNAPPA NAGAR 8TH STREET,4

KANNAPPA NAGAR 7TH STREET,6

KANNAPPA NAGAR 5TH STREET,5

KANNAPPA NAGAR 4TH STREET,7

KANNAPPA NAGAR 3RD STREET,6

GANESH LAYOUT MAIN ROAD,13

RAJIV GANDHI NAGAR,96

RAJIV GANDHI SALAI,25

VEDHAMBAL NAGAR,20

SANGANOOR MAIN ROAD,15

KANARAJAPUR 3RD STREET,7

KAMARAJAPURAM 2ND STREET,3

KAMARAJAPURAM,26

PATHI GOUNDER THOTTAM,64

KAMARAJAPURAM  FIRST STREET,4

AYYAVU STREET,3

PERIYASAMY LAYOUT,41

SANGANOOR ROAD CROSS,9

SANGANOOR ROAD,32

ANNA NAGAR (II) STREET,7

LAKSHMANA GOUNDER STREET,3

THANDAL RAMAN  STREET,7

GANDHI NAGAR,113

LENIN NAGAR,10

ANNA NAGAR (I) STREET,2

KANNAN NAGAR,45

TNEB COLONY,9

ANNA STREET,25

PATEL STREET,18

NEHRU STREET,68

SUPPATHAAL STREET,12

MESTHRI MARAPPAN STREET,6

THAIYER ITTERY,11

MARUTHAKUTTI STREET,41

SUPPATHAAL LAYOUT K M STREET 1,14

NATESAN GOUNDER LAYOUT 1,7

VISWANATHA PURAM MAIN ROAD,8

VISWANATHA PURAM STREET 2,7

ARIGNAR ANNA COLONY-NORTH,17

ARIGNAR ANNA COLONY,3

ARIGNAR ANNA COLONY-SOUTH,10

SANGANUR PALLAM,10

RAJU NAIDU ROAD,23

DR.RADHAKRISHNAN ROAD,17

KAMAKODI NAGAR,5

R K NAGAR,5

BALAJI LAYOUT,28

EDWIN NAGAR,6

SUBBAMMAL NAGAR,7

PONGIYAMMAL STREET,15

KANNAPPAN STREET,6

SATHIYAVANI MUTHU STREET,4

GOVINDASAMY STREET THEN VADAL CROSS 1,2

KAKKAN STREET CROSS 1,6

BAKTHAVACHALAM STREET,8

CHINNMAL STREET,4

AMARAR JEEVA ROAD(SANGANOOR ROAD),11

CHELLAPPA GOUNDER LAYOUT,24

PALANISAMY STREET,21

S P KUMARASAMY STREET,20

GANESH STREET,5

G V RAMASAMY STREET,7

RANGANNA GOUNDER STREET,7

V RAMASAMY STREET,7

ARUMUGA GOUNDER STREET,9

P M SAMY COLONY,44

INDIRA NAGAR,135

C M PALANIYAPPAN STREET,9

DASAPPAN STREET,7

CHEKKAN THOTTAM EXTENSION,14

LAKSHMIPURAM STREET 2,5

LAKSHMIPURAM STREET,14

RAILWAY LINE STREET,8

CHEKKAN THOTTAM STREET 2,10

G.V.RAMASAMY STREET,1

SAMPATH STREET THEN VADAL CROSS 1,3

SAMPATH STREET THEN VADAL CROSS 2,4

VELUSAMY STREET,11

SASTHRI STREET K M CROSS,6

RAMADASS STREET,12

R.KANDASWAMY STREET,8

SOMAIYANUR KANAPPAN STREET,5

SUBRAMANIAM STREET,9

MESTHRI SWAMY NATHAN STREET,5

MESTHIRI PALANIAPPAN STREET,6

MAHESHWARI NAGAR,19

TEACHERS COLONY,34

PALANIAMMAL STREET,2

CHELLAPPA STREET,12

MANIKKAVASAKAR STREET,3

MARUTHAKUTTI SECOND STREET,8

THIRUVALLVAR STREET,3

KARUNANITHI STREET,9

PERIYAR STREET,22

SATHICKBASHA STREET,5

CHINNAMMAL STREET,26

KUTTIGOUNDER STREET,13

MATHIALAGAN STREET,6

CHINNA THAMBI STREET,8

SAMIYAPPAN STREET,5

BUVA RAGAVAN STREET,4

MADHAVAN STREET,4

ISAK STREET,12

GANAPATHY VENKATACHALAM STREET,4

V O C SECOND STREET,6

V O C STREET,32

CHINNASAMY NAGAR,11

V O C THIRD STREET,4

SUPPATHAAL LAYOUT K M STREET 3,4

SUPPATHAAL LAYOUT K M STREET 2,9

SUPPATHAAL SOUTH VADAL STREET 1,3

CHEKKAN THOTTAM STREET 1,9

SATHY ROAD,116

NEDUCHEYLAN  STREET,10

MOHAMMED ALI STREET,6

SADAIYAPPAN STREET,15

CHINNAPPAN STREET,19

SUPPATHAAL LAYOUT,2

SELVA GANAPATHY GARDEN,11

NACHIMUTHU NAGAR,14

KRISHNA LAYOUT,5

MUTHUKUMAR STREET,2

MUTHUKUMAR STREET 2ND CROSS,2

MUTHUKUMAR STREET 5TH CROSS,3

G P M NAGAR 2,4

G P M NAGAR 1,2

SIVA NAGAR,16

POOMPUGAR NAGAR,10

NATESAN GOUNDER LAYOUT 2,3

ANNA PUTHU STREET,11

GOVINDASAMY LAYOUT,44

KANDHASAMY LAYOUT,32

DR.SIVANANDA NAGAR,33

A.N.P SOCIETY COLONY,17

V.C.K LAYOUT,2

KANNUSAMY LAYOUT,2

HOSIMEINNA NAGAR,26

GANDHIPURAM 7TH STREET EXTENSION,14

POWER HOUSE ROAD,11

GANDHIPURAM 6TH STREET EXTENSION,21

DR RADHAKRISHNAN ROAD,27

TATABAD 9TH STREET,7

TATABAD 8TH STREET,9

TATABAD 7TH STREET,7

GANDHIPURAM 5TH STREET EXTENSION,6

DR RAJENDRAPRASAD ROAD,21

TATABAD 6TH STREET,7

TATABAD 5TH STREET,5

TATABAD 11TH STREET,18

GANDHIPURAM 7TH STREET,14

TATABAD 10TH STREET,10

PONNAY STREET,61

GOKULE STREET,20

DR NANJAPPA ROAD,6

TATABAD STREET 3,16

TATABAD STREET 2,7

TATABAD STREET 1,7

GANDHIPURAM 5TH STREET,11

GANDHIPURAM 6TH STREET,15

GANDHIPURAM 8TH STREET,9

KALINGARAYAN STREET,20

RAJAJI ROAD,22

GANDHIPURAM 9TH STREET,12

VIVEKANANDA ROAD,34

DR ALAGAPPA CHETTIYAR ROAD,35

GANDHIPURAM 9TH STREET EXTENSION,7

KARUNA ELLAI COLONY,5

GANDHIPURAM 7TH STREET EXTN,3

GANDHIPURAM 3RD STREET,11

GANDHIPURAM 4TH  STREET,13

GANDHIPURAM 2ND STREET,12

GANDHIPURAM 1ST STREET,13

RAJU NAIDU LAYOUT 1,4

RAJU NAIDU LAYOUT 2,5

SASTRI NAGAR,9

LAKSHMAN NAGAR 1ST STREET,13

LAKSHMAN NAGAR 2ND STREET,6

VENKATASWAMY  ROAD,16

CHINNASAMY ROAD,2

RAVENDRANATH LAYOUT,5

ANNAPOORNA LAYOUT,11

AMBIKA LAYOUT,8

B.K.RANGANATHAN STREET,5

BHARATHIYAR ROAD,74

SAROJINI ROAD,27

V.K.K. MENON ROAD,28

THIRUVALLUVAR STREET,31

THIRUMALAISAMY STREET,3

GOVINDASAMY SALAI,1

N.G.NARAYANASWAMY STREET,10

PATEL ROAD,35

SATHYAMOORTHI ROAD,16

BALA SUNDARAM ROAD,48

RAM NAGAR,8

S N R STREET 3,4

S N R STREET 2,5

S N R STREET 4,3

S N R STREET 1,4

NANDHA GOPAL ROAD,8

MANDHIRIYAPPAN STREET,5

B.K.R NAGAR,7

NANDHA GOPAL ROAD 3,5

NANDHA GOPAL ROAD 2,3

BHARATHIYAR STREET,29

SAROJINI STREET 1,2

NANDHA GOPAL ROAD 1,5

B.K.R NAGAR 2,12

VENKATASWAMY ROAD,25

SAROJINI STREET 4,2

V.K.K MENON ROAD,11

RAMAKRISHNA NAGAR,3

100 SCHEME ROAD,12

CHINNASWAMY ROAD,26

HARI PURAM,12

BHAGATSINGH ROAD,2

NETHAJI ROAD,56

G.R.D NAGAR,5

DHANALAKSHMI NAGAR HUTS,3

DHANALAKSHMI NAGAR,17

G.K.S NAGAR,10

P.N PALAYAM ROAD,3

LAKSHMI MILLS COLONY,7

ALAMU NAGAR,18

B.K.R NAGAR 1,5

ALAMU NAGAR SECOND STREET,8

ALAMU NAGAR THIRD STREET,4

ALAMU NAGAR FIRST STREET,1

CERIAN KANDATHAU COLONY,16

DR.NANJAPPA ROAD,31

SAROJINI STREET,17

MALAVIA STREET,10

CHEKKAN THOTTAM STREET 3,8

VISWANATHA PURAM STREET,6

CHEKKAN THOTTAM MAIN ROAD,10

LAKSHMIPURAM STREET 3,3

LAKSHMIPURAM STREET 1,1

LAKSHMIPURAM MAIN ROAD EXTENSION,3

VISWANATHA PURAM STREET 1,6

VISWANATHA PURAM STREET 3,3

VISWANATHA PURAM STREET 4,4

VISWANATHA PURAM STREET 5,2

V O C NAGAR,4

JAWAHAR STREET,6

SUNDARAM STREET,33

VINAYAGAR KOVIL STREET,37

KANDASAMY LAYOUT,6

SAMBANDHAR STREET,5

KRISHNASAMY ROAD,41

G P M NAGAR,2

G P M NAGAR 3,2

MANIKAVASAGAR STREET,4

MUTHUKUMAR STREET 3RD CROSS,5

AMARAR JEEVA ROAD,7

THIRUNAVUKARASAR STREET,4

MUTHUKUMAR STREET 4TH CROSS,4

MUTHUKUMAR STREET 1ST CROSS,2

TATABAD STREET 4,10

DR.ALAGAPPA ROAD,6

SENGUPTA STREET,14

NAGAPPAN STREET,13

KALAPPAN STREET,10

ANSARI STREET,9

DABEDHAR STREET,2

R N THOTTAM,3

DESABANDU STREET,6

RAMAR KOVIL STREET,42

SASTHIRI ROAD,29

KALIDAS ROAD,20

SWARNAMBIKA LAYOUT,22

LIONS CLUB ROAD,4

ADDIS ROAD,23

POLICE QUARTERS ROAD,13

A.T.T COLONY ROAD,10

K.C.ROAD,10

L.I.C ROAD,17

LIBRARY ROAD,24

YARD ROAD,9

MASTHIAMMAL LAYOUT,9

RADHAKRISHNAN ROAD,8

LAKSHMAN NAGAR FIRST STREET,3

SATHY 3RD CROSS CUT STREET,2

SATHY 2ND CROSS CUT STREET,2

SATHY 1ST CROSS CUT STREET,3

SN DAS LAYOUT 4,7

LAJAPATHI RAI STREET,17

STADIUM ROAD,12

DR. NANJAPPA ROAD,15

SOMASUNDARAM MILL ROAD,20

AVINASHI ROAD,310

K.K.COLONY,4

UMA NAMA NAGAR 1,7

UMA NAMA NAGAR 2,8

CHELLAPPA GOUNDER STREET,12

CHERIAN ROAD,3

KALESHWARA MILL ROAD,9

ANUPARPALAYAM ROAD,6

MARIAPPA KONAR STREET,14

RANGA KONAR,10

THOTTARAYAN KOVIL STREET,5

PARK STREET,7

PILLAYAR KOVIL STREET,2

RAJARATHINAM STREET,9

KALEESHWARI ROAD,19

SRIKANTH EXTENSION,19

SN DAS LAYOUT,1

SN DAS LAYOUT 3,3

SN DAS LAYOUT 2,4

PYKARA QUATRES,1

N.V.N LAYOUT,22

ELANGO NAGAR STREET-1,8

ELANGO NAGAR STREET-2,8

DOCTOR'S COLONY,4

KRISHNARAYA PURAM STREET,5

JAWAHAR NAGAR,12

PUTHIYAVAR NAGAR,12

BALASUNDARAM LAYOUT,30

BALAJI NAGAR,78

DHANALAKSHMI NAGAR EXTENSION,3

MUNUSAMY GARDEN ROAD,5

V.O.C.PARK ROAD,13

D.B.O.QUARTERS,13

RACE COURSE ROAD,103

SAVITHRI SHANMUGAM ROAD,12

APPUSAMY LAYOUT,15

SOURIMUTHU STREET,9

PULIYAKULAM ROAD,35

TRICHY ROAD,332

BHARATHIDHASAN NAGAR,18

L.G.P ROAD,7

AIR INDIA ROAD,3

RACECOURCE ROAD,32

ARTS COLLEGE ROAD,29

TRAVELLERS BUNGALOW ROAD,33

HOSUR ROAD,12

HIGHWAYS COLONY,31

AUGUSTIAN PET SUBRAMANIAN LAYOUT,8

SUBRAMANIAN LAYOUT,3

PADMA LAYOUT,11

POLICE KANDASAMY ROAD,5

HEAD QUATERS ROAD,7

DEVI AND CO LANE,14

GOPALAPURAM STREET 1,5

GOPALAPURAM STREET 2,4

SUNDARESA IYYAR LAYOUT,14

V C K LAYOUT,10

G R GOVINDARAJULU STREET,6

GANDHI NAGAR HUTS,14

SUNDRAM BROTHERS LAYOUT,12

ESWARAN LAYOUT,10

S R IYER LAYOUT,5

KAMARAJ ROAD,84

P N R LAYOUT,8

ARIYAN SOAP COLONY,11

K.K NAGAR,8

VENKATASAMY LAYOUT,2

BALA SUBRAMANIYAN ROAD,12

THANDUMARIAMMAN KOVIL STREET,4

KADALAIKARA SANDHU 2,7

KADALAIKARA SANDHU 1,6

KADALAIKARA SANDHU 3,4

D.R.O.QUARTERS,1

THOMAS PARK ROAD,15

SCHEME ROAD,2

PRS INTERNAL ROAD,16

D.F.O. COMPOUND,3

ABDUL RAHIM ROAD,9

VERYWATT STREET,2

N.K.P MUTHUSAMY LAYOUT,2

RED FIELDS ROAD,30

G R D ROAD,23

A T DEVARAJ ROAD,5

G D STREET,9

CLUB ROAD,20

STATE BANK ROAD,32

GOPALAPURAM STREET 3,4

SOWRIPALAYAM MAIN ROAD,18

THIRU GNANASAMATHAM ROAD,3

BYE-PASS,10

AMMAN KULAM NORTH,45

AREIMEDU,29

AMMAN KULAM SOUTH CROSS 1,6

AMMAN KULAM ROAD,9

ANNA NAGAR MAIN ROAD,52

AMMAN KULAM SOUTH CROSS 2,8

AMMAN KULAM SOUTH CROSS 3,2

RAJIV NAGAR,26

RAJIV NAGAR THIRD STREET,3

RAJIV NAGAR FIFTH STREET,1

RAJIV NAGAR FOURTH STREET,3

THIYAGARAYA PUDU STREET 2,16

SYRIAN CHURCH ROAD NO 1,6

DEVANGA PET 1(NANERIKALZAGA STREET NO 1,4

DEVANGA PET 2(NANERIKALZAGA SANDHU),6

DEVANGA PET 2(NANERIKALZAGA STREET NO 2,6

DEVANGA PET 3(NANERIKALZAGA STREET NO 3,13

SYRIAN CHURCH ROAD NO 2,9

METTUPALAYAM ROAD,166

V C V ROAD,9

SYRIAN CHURCH ROAD NO 3,6

DEVANGA HIGHER SECONDARY SCHOOL ROAD,11

SHANMUGA THEATRE ROAD,10

HAMSA LAYOUT,1

R R LAYOUT,10

KRISHNA ROAD,8

SUKRAWARPETTAI MILL ROAD,22

POST OFFICE ROAD,13

S P N LAYOUT,5

NARASIMHA STREET 1,4

NARASIMHA STREET 2,3

NAVAB HAKKIM ROAD,34

CHANDRAN LANE 1,7

MANIYATHOTTAM 1,9

MANIYATHOTTAM 2,10

ALAMELU MANGAMMAL LAY OUT 1,8

ALAMELU MANGAMMAL LAYOUT,10

BALA SUBRAMANIYAM NAGAR,12

KARUPARAYAN KOVIL STREET,34

SOWRI MUTHU LAYOUT,8

SANTHIYAGU STREET,2

CORPORATION COLONY,1

KALIYAMMAN KOVIL STREET 1,10

KANTHASAMY STREET,7

ANTHONIYAR KOVIL STREET,12

BAZAAR STREET,4

CHINNA MARUDHACHALAM STREET,2

PECHIANNAN STREET,7

KRISHNAR TEMPLE STREET,1

M ARUMUGAM STREET,5

SOWRIPALAYAM ROAD,45

MARIAMMAN KOVIL STREET,38

ARUMUGAM STREET,20

PATTUPUCHI SANDHU,20

LINGAPPA LANE NO.2,7

LINGAPPA CHETTY STREET,14

SUKRAWAR PET,16

THIYAGI KUMARAN STREET,45

RANGAI STREET,46

LINGAPPA LANE NO.1,5

THEPA KULAM STREET 4,5

CHINNA ELLAI SANDHU,8

KRISHNAPPA STREET,2

KALINGA STREET,8

PILAIYAR KOVIL STREET,7

THEPA KULAM STREET 3,6

THEPA KULAM STREET 2,17

THIYAGARAYA PUDU STREET 3,15

LINGAPPA STREET 1,8

THEPA KULAM STREET 1,14

LINGAPPA STREET,4

LINGAPPA ROAD,2

THIYAGARAYA PUDU STREET 1,8

CHANDRAN LANE 2,7

MANIYATHOTTAM 3,5

MANIYATHOTTAM 4,3

THIRUMAL STREET 1,4

THIRUMAL STREET 2,3

JAMEDHAR STREET,12

OPPANAKKARA STREET,35

THIRUMAL STREET,12

CMC COLONY,8

VARIETY HALL ROAD,29

KRISHNAN STREET,4

SURIAN STREET,9

YOUSUF LANE,3

THIRUMAL STREET 5,2

NALLAMARAJA LANE - II,5

AYYANNAN STREET,20

NALLAMARAJA LANE - I,7

RAJA STREET,67

GOODSHED ROAD,11

BIG BAZAR STREET,79

B.K.CHETTY STREET,5

SANJORR PATHI VEETHI,1

ISMAIL STREET,31

RATHINAM STREET,13

SOWDAMMAN KOVIL STREET,15

MANIMEKALA STREET,8

TELUGU STREET,35

UPPARA STREET,29

THOMAS STREET(SUBBAYA STREET),20

HANUMANTHARAYA KOVIL STREET,18

EIDYAR STREET(KRISHNAN STREET ),21

SUKRAWARPET ROAD,18

U.T.G SANTHU,3

KANAGADARA SANDHU,9

UPPUTHOTTA LANE,6

J.P. SANDHU,11

KATHAN SANDHU,6

KAMPODHI SANDHU,4

SUNDARA VINAYAGAR KOVIL STREET,7

WASHERMAN LANE,1

PORIKARA STREET,7

GANDHI SANDHU,6

NANJANAYAKAR LANE,4

DASAIYAN SANDHU,10

MARAGARA NANJAPPA STREET,17

SENTHURUMAN SANDHU,5

V.R.KOVIL SANDHU,5

GURUPARAR SANDHU,20

MALAI VATHIYAR SANTHU,2

VEERASAMY SCHOOL ROAD,6

THEOSOPHICAL SOCIETY ROAD,6

KARUPPANNAN STREET,16

PAVALAM STREET - I,6

SUBRI STREET,33

SUBBAIYA STREET,29

EDAYAR STREET(KRISHNAN STREET ),4

THIYAGARAYAR STREET,9

VAIRAM STREET,5

PAVALAM STREET - III,4

T K MARKET,11

UPPU KINARU LANE,6

PAVALAM STREET - II,6

MUTHU VINAYAGAR STREET,5

ANGALAMMAN KOVIL STREET,8

VAISYAL STREET,44

PATTAKARA AYYASAMY KOVIL STREET,18

KAMPATTI COLONY HOUSING UNIT,28

RAJU CHETTIAR STREET,6

NADAR STREET,39

NAIKAR THOTTAM LANE,5

DHARMARAJA KOVIL STREET,20

PALAYAM THOTTAM,19

PALAYAM THOTTAM FOURTH CROSS,3

PALAYAM THOTTAM THIRD CROSS,4

KAMPATTI COLONY 4,9

KAMPATTI COLONY 3,12

KAMPATTI COLONY 2,10

DHARMARAJA KOVIL LANE,4

KAMPATTI COLONY 1,6

KAMPATTI COLONY 6,4

L.G.THOTTAM,17

KUPPANA NAYAKKAR STREET,5

AYYASAMY KOVIL STREET,12

AYYAN KOVIL STREET,2

RANGE GOWDA STREET,15

MOHAMED KANI STREET,5

KAMPATTI COLONY 7,14

KAMPATTI COLONY ROAD,17

LAKSHMI THEATRE ROAD,17

SLAUGHTER HOUSE ROAD,19

BHARATHI NAGAR,138

VINCENT ROAD,40

B K CHETTY STREET,13

DURGALAL STREET,6

ESWARAN KOVIL STREET,11

OLD MARKET ROAD,10

RAMASAMY STREET,23

VENNEL STREET II,2

VENNEL STREET I,2

PALACE THEATRE ROAD,7

BASKARA LANE NO 1,1

BASKARA LANE NO 2,3

KOTTA PUDUR STREET,2

SUBRAMANIASAMY KOVIL STREET,7

PERUMAL KOVIL STREET,69

JAYA LAKSHMI STREET,3

PALAKKAD ROAD,25

LAKSHMANA STREET,6

L M STREET,2

HAJI MOHAMMED STREET,7

IBRAHIM HAZIR STREET,3

HAJI ISMAIL ROAD,5

SUNGAM BY PASS ROAD,19

SAMIYAR PUDU STREET NO 1,9

SAMIYAR PUDU STREET NO 2,3

SAMA STREET,5

KAMATCHIYAMMAN KOVIL STREET,6

PAPPAMMAL LAYOUT,8

NANJUNDAPURAM ROAD,61

RAMASAMY ROAD,6

SUBRAMANIAM ROAD,26

NACHIYANNA ANGANNAN STREET,13

RAMALINGAM LAYOUT,5

RAMALINGA JYOTHI NAGAR,27

EIGHTY FEET ROAD,29

BAJANAI KOVIL STREET,18

50 FEET SCHEME ROAD,2

KANNIKA PARAMESHWARI LAYOUT,15

MURUGAN NAGAR,61

PASUMPON NAGAR,4

ANGANNAN SAITE,44

PASUMPON NAGAR EXTENSION,1

ARUNACHALA DEVAR COLONY,13

SRI RAM COLONY,5

DEVANDRA STREET,13

RAMANATHAPURAM ROAD,27

LAKSHMAN SANDHU,1

PULUGAN THAMBI SANDHU,3

PALANI AANDAVAR KOVIL STREET,2

VALLIYAMMAL ROAD,5

MANIAM SUBRAMANIYAR STREET,10

KARUPPANNAN ROAD,3

SIVARAM NAGAR,81

SRI NAGAR,62

INDHIRA NAGAR,16

ABIRAMI NAGAR,16

KAMARAJ NAGAR,28

ARUMUGAM NAGAR,4

MURUGAYAN COLONY,7

BHARATHI NAGAR V,3

BHARATHI NAGAR IV,4

BHARATHI NAGAR III,6

BHARATHI NAGAR II,2

BHARATHI NAGAR I,3

ARUNACHALAM COLONY,16

DR MUNUSAMY NAGAR,13

BHARATHI NAGAR VI,2

KAMATCHIAMMAN KOVIL STREET,1

RUPA NAGAR,9

KAVERI NAGAR,13

SRINATH LAKE VIEW,13

KOTTAI PUDHUR,36

G M NAGAR,116

MAGITH COLONY,16

SHANMUGA NAGAR,21

K P NAGAR,15

VINAYAGA NAGAR,5

BY PASS ROAD,78

THIYAGI SIVARAM NAGAR,17

ALVIN NAGAR,4

J K GARDEN,22

NATARAJAN COLONY,9

RUCKMANI NAGAR,14

KARUNANITHI NAGAR,65

AREEMEDU,4

PARK TOWN,13

KAMARAJ COLONY,8

MASAKALI PALAYAM ROAD,48

KANDASAMY NAGAR,8

LAKSHMI PURAM STREET-4,18

LAKSHMI PURAM STREET-5,13

LALBHAGADHUR STREET,4

LALBHADUR SASTHIRY STREET,2

A K G NAGAR,38

PERIYAR NAGAR WEST STREET,6

PERIYAR NAGAR,120

SRI DHANALAKSHMI NAGAR,24

G.V.RESIDENCY ROAD,96

SOWRIPALAYAR ROAD,4

SAKTHI NAGAR,57

OM SAKTHI NAGAR,8

RAMALAKSHMI NAGAR,19

SRI KUMARAN NAGAR,6

JEEVA STREET,10

BHARATHI NAGAR-3,10

KASTHURIBAI GANDHI NAGAR-1,8

KASTHURIBAI GANDHI NAGAR,9

MASAKALI PALAYAM EAST STREET,6

PERIYAR NAGAR EAST,2

KASTHURIBAI GANDHI NAGAR-3,4

V K ROAD,2

HARSHA GARDEN,3

VARADHARAJA PURAM NORTH STREET-2,6

THILAKAR STREET-1,6

NARENDRA DEVA STREET,1

VARADHARAJA PURAM NORTH STREET,1

VARADHARAJA PURAM WEST STREET-2,3

BALAJI NAGAR-1,2

BALAJI NAGAR-2,2

VINAYAKAR KOVIL STREET,19

GANDHI NAGAR STREET-1,2

GANDHI NAGAR STREET-17,3

GANDHI NAGAR STREET-3,6

GANDHI NAGAR STREET-12,1

GANDHI NAGAR STREET-8,1

NEELIAMMAL STREET,4

MOOKAMBIKAI NAGAR,6

MAHALAKSHMI KOVIL STREET,7

PERIYAR NAGAR SOUTH STREET,3

PERIYAR NAGAR WEST STREET-2,4

PALANI SAMY STREET,8

NARAYANAN STREET,6

KASTHURIBAI GANDHI NAGAR-2,1

METHA LAYOUT,10

MUTHU NAGAR,18

MAHALAKSHMI NAGAR,16

ANDAL NAGAR-2,17

LAKSHMI PURAM STREET-6,26

BALAN NAGAR,19

VELAPPAN NAGAR,7

RAJALAKSHMI NAGAR,17

KAMALA COLONY,12

KONDASAMY NAGAR,2

RANGASAMY LAYOUT,4

LAKSHMI PURAM STREET-3,10

LAKSHMI PURAM STREET,1

LAKSHMI PURAM STREET-1,9

SENNIMALAI NAGAR,5

GANDHI PUDUR,20

CHINNASAMY LAYOUT-2,12

CHINNASAMY LAYOUT,3

ANDAL NAGAR,17

GANDHI PUDUR-1,2

ANDAL NAGAR EXTENSION,3

P.S GOVINDASAMY LAYOUT,2

UPPILIPALAYAM MAIN ROAD,16

VARADHARAJAPURAM MAIN ROAD,2

VINAYAGAR NAGAR,12

INDIRA GARDEN,8

SRINIVASA GARDEN,24

BHARATH NAGAR,64

ANGAMMAL LAYOUT,19

VIVEKANANDA NAGAR,46

BANGARU LAYOUT,14

PACHAPALAYAM THOTTAM,7

AVM GARDEN,25

JOTHI NAGAR,13

KANIKONAR STREET,4

DHANAPAL LAYOUT,19

PERIYA STREET,8

N .R. NAIDU STREET,11

MADURAI VEERAN KOVIL STREET,20

MUTHU NAIDU STREET,1

VETTAIKARAN STREET,2

NEELIKONAMPALAYAM ROAD,30

KARUPAN STREET,3

MASUDHI STREET,2

VARADHARAJAPURAM MEDU SECOND STREET,3

VARADHARAJAPURAM MEDU FIRST STREET,2

RAMASAMY LAYOUT,81

R V L STREET,8

SAKKARIAR CHETTIYAR STREET,38

RAJIV MAIN ROAD,2

AMBEDKAR VEETHI,2

RAJIV GANDHI STREET,3

V K STREET,5

VIJAYALAKSHMI NAGAR,17

DHAMODHARSWAMY LAYOUT,39

DHAMODHAR SWAMY QUARTERS ROAD,6

THACHAN THOTTAM STREET,34

NORTH STREET,21

CHINNA THOTTAM STREET,8

RANGAGOUNDER STREET,3

DR.LOKIYA STREET,3

ANNAI THERESA STREET,1

M.G.R STREET,34

SAKTHI NAGAR MURUGAN KOVIL STREET,6

SAKTHI NAGAR VINAYAGAR KOVIL STREET,5

KABILAN GARDEN,3

THULASIAMMAL LAYOUT,18

SRIRAM NAGAR,1

VALLUVAR NAGAR,14

JOTHI NAGAR 10,4

JOTHI NAGAR 9,2

JOTHI NAGAR 6,1

JOTHI NAGAR 5,10

JOTHI NAGAR 4,3

JOTHI NAGAR 3,3

JOTHI NAGAR 2,13

RAMANUJA NAGAR,19

RAMANUJA NAGAR MAIN ROAD,17

JOTHI NAGAR 1,1

HARI GARDEN ROAD,4

AKASTHIYAR NAGAR,3

JOTHI NAGAR 12,4

JOTHI NAGAR 11,3

JOTHI NAGAR 13,4

JOTHI NAGAR 7,4

K J GARDEN,13

JOTHI NAGAR 8,1

RAMASWAMY NAGAR EXTENSION,2

ALAMELU NAGAR,4

NEHRU POONGA ROAD,25

ANDALAMMAL LAYOUT,14

DHANAPAL LAYOUT SECOND STREET,8

DHANAPAL LAYOUT FIRST STREET,3

DHANAPAL LAYOUT THIRD STREET,1

KOTARAI MILL LANE,5

RELIANCE GARDEN,10

KRISHNA GARDENS,25

POLICE COLONY SECOND STREET,4

POLICE COLONY THIRD STREET,3

VENKATESHA NAGAR,9

KANGUWAR FIRST STREET,3

KANGUWAR STREET,10

ANGAVARLI STREET,5

VARADARAJA KOVIL STREET,3

N G R STREET,67

N.K.G.NAGAR,24

JAYA NAGAR,17

DHANAPAL LAYOUT FOURTH STREET,1

VARADHARAJAPURAM NORTH STREET 1,5

IYAR LAYOUT FOURTH STREET,3

IYAR LAYOUT EIGHTH STREET,5

IYAR LAYOUT SEVENTH STREET,3

IYAR LAYOUT FIRST STREET,4

IYAR LAYOUT THIRD STREET,3

IYAR LAYOUT SECOND STREET,2

IYAR LAYOUT SIXTH STREET,1

IYAR LAYOUT FIFTH STREET,1

IYAR LAYOUT,10

VINAYAGAR KOVIL NORTH STREET,21

KAMALA MILL KUTTAI,30

NARENDRA KOVIL STREET,11

V.O.C ROAD,2

KRISHNAMMA LAYOUT,3

THANNEER THOTTY STREET,8

CHINNA GURUSAMY LAYOUT,8

VASANTHA MILL ROAD,31

RAJALAKSHMI MILLROAD,2

JAYAPRAKASH STREET,12

THIRU V KA STREET,4

KAMARAJAR ROAD,39

PERKS COMPOUND,13

KULATHERI ROAD,18

RANGANATHAPURAM,11

CO-OPERATIVE COLONY,15

KAKKAN NAGAR,36

R V L COLONY,8

TAMIL NADU HOUSING BOARD,75

VENKATALAKSHMI NAGAR,14

CHELLANDIAMMAN NAGAR,16

JAYA SHREE NAGAR,16

BRINDHAVAN COLONY,43

SRINIVASA NAGAR,24

PARKS STREET,4

BEEMA NAIDU STREET,5

NARAYANASAMY STREET,1

LAKSHMANA NAIDU STREET,3

KRISHNAMMA NAIDU STREET,45

NADUPALLI STREET,1

VILANKURICHI ROAD,46

BADRAKALIYAMMAN   KOVIL  STREET,6

RANGASAMY NAGAR,19

DEVENDRA STREET,19

C M C COLONY,11

VIVEKANANDA STREET,22

NETHAJI PURAM,7

SRI GANAPATHY NAGAR,7

GANGA NAGAR,14

MAHATMA GANDHI NAGAR,8

R.K.K.NAGAR,54

IRUGOOR ITTERY,35

DR.JAGANANTHAN NAGAR,5

MAHALAKSHMI STREET,2

RAMASAMY NAIDU INDUSTRIAL ESTATE,7

RANI GARDEN,9

TNHB NETHAJI PURAM,83

AMMAN NAGAR,32

JALLIKUZHI STREET,1

OUNDIPUDUR SUNGAM ROAD,4

PADAKKE STREET,3

EZHIL NAGAR,4

ADAPPAKADU,1

KARUMARIYAMMAN LAYOUT,9

AERODROME ROAD,48

SOWDESHWARI NAGAR,2

SHANMUGAM LAYOUT,7

GOPAL NAGAR,16

RAMASAMY NAIDU LAYOUT,24

ARUL MURUGAN NAGAR (S I H S COLONY),7

ARUL MURUGAN NAGAR,12

BETHEL NAGAR,9

THIRU V K NAGAR,9

VASANTHA STREET,43

PALANIAPPA NAGAR,22

RENUKA NAGAR,10

MEENASHIAMMAN NAGAR,4

SIVALINGAPURAM,3

SURYA NAGAR,18

THIPPAY GOUNDER STREET,16

KAMATCHI NAGAR,3

THIRUVALLUVAR NAGAR,94

THAYARAMMAL LAYOUT,6

RAMASAMY NAGAR,95

NANJAPPAN STREET,37

ARUMUGAM STREET 2,4

ARUMUGAM STREET 1,2

M R R LAYOUT,12

LABOUR COLONY,4

ANNAI INDIRA NAGAR,20

KOCKKALI THOTTAM ARUL JOTHI,21

ANJANEYAR COLONY,53

THANEER THOTTAM STREET 2,5

STANES COLONY,20

S M S LAYOUT,52

SOWDAMMAN KOVIL LANE,28

SATHIRAM LANE,6

THANEER THOTTAM STREET,19

TAGORE NAGAR 4,6

SENTHIL JANATHA NAGAR,7

ARULJOTHI PURAM,9

IRUGOOR ITTFRY THOTTAM  STREET,5

EXTENSION STREET,6

KAMMAVAR STREET,4

RAMACHANDRA STREET,11

SUNGAM ROAD,6

VALLALAR NAGAR,37

TAGORE NAGAR EXTENSION,22

TAGORE NAGAR 2,2

TAGORE NAGAR 1,1

TAGORE NAGAR 3,2

THANEER THOTTAM STREET 1,4

NEW ITTERY,15

MAADHU MESTHIRI STREET,6

RAMA GHOSTY STREET,4

PODI NAICKER STREET,1

KURUMBAR STREET,4

VELLALORE ROAD,24

KOLLATHERI ROAD,3

S.R.T. LAYOUT,6

EXTENSION MAIN STREET 2,2

ASTHANTHARA STREET,4

ASTHANTHARA EAST STREET,4

ASTHANTHARA WEST STREET,7

KOTHARI NAGAR,34

NANDHA NAGAR,12

LAKSHMANAN NAGAR,1

K P R LAYOUT 5,1

K P R LAYOUT 3,2

K P R LAYOUT 1,5

N R R LAYOUT,6

SIVA SRI GARDEN,2

THIRUKUMARAN NAGAR,6

THAYA GARDEN,1

SIVA GARDEN,1

TEXTOOL LAYOUT,14

RAJAGANAPATHY NAGAR,6

SURYA GARDEN,20

SARATHI NAGAR,4

SARATHI NAGAR 2,2

PADMA KEERAN ENCLAVE,3

SASTHIRI NAGAR,8

RAMACHANDRA NAGAR,3

CHERAN NAGAR,30

KUMARAN NAGAR,20

NOYYAL NAGAR,9

M G R NAGAR,2

NESAVALAR STREET,9

RAMACHANDRA NAGAR WEST STREET,2

PRIVATE ROAD,1

NAGAIAN THOTTAM STREET,2

R.V.LAYOUT,2

KASTHURI NAGAR,3

PARSAN FARM,1

EXTENSION MAIN STREET 1,2

EXTENSION MAIN STREET,6

VEERABOYAN STREET,1

ANAIYAN KADU ROAD,31

RAJAJI NAGAR,5

CENTRAL STUDIO COLONY,10

UPPILYPALAYAM STREET,5

PATTATHARASIAMMAN KOVIL STREET,19

PILLAIYAR KOVIL STREET,6

BOYAR STREET,14

SUBRAMANIA PILLAI STREET,6

VELLALORE STREET,4

UPPILYAR STREET,3

BOYARS EXTENSION,2

VASANTHA NAGAR,38

SELLANDI AMMAN ROAD,2

KOOTHANDAVAR KOVIL STREET,3

AGRAGARAM SOUTH STREET,10

MARIAMMAN STREET,1

L.G INDUSTRIAL,7

S.B.I.COLONY,20

AGRAGARAM WEST STREET,1

THASAMI PARK RESIDENCY,40

AGRAGARAM NORTH STREET,6

AGRAGARAM EAST STREET,6

GINNI FACTORY,2

ASANTHA NAYAKAR STREET,5

POLICE COLONY FIRST STREET,2

NANJAPPAR NAGAR FIRST CROSS STREET,3

NANJAPPA NAGAR SECOND CROSS STREET,3

NANJAPPA NAGAR THIRD CROSS STREET,3

NANJAPPA NAGAR FOURTH CROSS STREET,5

NANJAPPA NAGAR FIFTH CROSS STREET,6

NANJAPPA NAGAR SIXTH CROSS STREET,6

NANJAPPA NAGAR,4

THIYAGI SHANMUGA NAGAR,8

THIYAGI SHANMUGA NAGAR 2,1

ANURAGA GARDEN,4

KALLIMADAI ROAD,18

KALLIMADAI MAIN ROAD,1

KALLIMADAI STREET,5

KAMARAJAR NAGAR,11

KALLUKULI STREET,1

KALLUKULI EAST STREET,1

KAMARAJAR STREET,48

SHRUTHI ENCLAVE,21

DHANALAKSHMIPURAM ROAD,11

KATHIRAYAN GARDEN ROAD,12

PARSN SESH NESTEL CAMPUS,10

NETHAJI NAGAR,67

SREEPATHI NAGAR,22

SREEPATHI NAGAR 3,13

SREEPATHI NAGAR 2,7

SREEPATHI NAGAR 1,8

VEERAPPAN COLONY,9

PADASALAI STREET,15

BHARATHIDASAN NAGAR,24

KONGU NAGAR,35

R K V NAGAR,6

S N V GARDEN  NANJUNDAPURAM,22

P V S GARDEN,8

KARPAGAM GARDENS,16

WEST PUDUR,15

POONGA NAGAR,19

NANIYR NAGAR,5

ELAHI NAGAR,16

SALAMATH NAGAR,26

RAMALAN NAGAR,8

VALLAL NAGAR,8

BISMI NAGAR,4

SARAMEDU,6

SUSILA NAGAR,2

SREEPATHI NAGAR 5,5

R V T NAGAR,1

MAY FLOWER SAKTHI GARDEN,2

JEEVA ROAD,6

ARGUS STREET,14

CODISSIA ROAD,31

THANEER PANDHAL ROAD,65

KALYANA SUNDHARAM STREET,11

BHARATHI STREET,4

SASTHIRI STREET,61

D J NAGAR,13

SAKARIYAR STREET,4

THIRU V.K ROAD,4

GANDHI STREET,3

SIVASAKTHI NAGAR,12

DHASKAND STREET,7

LAKSHMI NAGAR,114

ANNA MANAGAR,3

THANEER PANDHAL ROAD CROSS 2,1

THANEER PANDHAL ROAD CROSS 6,56

LAKSHMI GARDENS,5

THANEER PANDHAL ROAD CROSS 4,8

BALAMURUGAN STREET,5

MAHESHWARI NAGAR CROSS 1,3

MAHESHWARI NAGAR 4,1

THIYAGI KUMARAN NAGAR,20

RAGAVENDRA NAGAR,22

GURUSWAMY NAGAR,51

TELE COMMUNICATION CO OP COLONY,18

V.K.ROAD,65

RAGAVENDRA EXTENSION,1

VENKATASWAMY LAYOUT,3

GANESH NAGAR,9

THANEER PANDHAL ROAD CROSS 3,3

THANEER PANDHAL ROAD CROSS 5,2

SRI NITHI GARDENS,1

RANGANAYAKI NAGAR,4

ELLAPAN STREET,8

PEELAMEDU INDUSTRIAL ESTATE,39

GOWTHAMAPURI NAGAR,35

HUDCO COLONY,176

GOWTHAMAPURI NAGAR EXTENSION,2

V K R NAGAR,15

VINU AVENUE,7

VINOBAJI NAGAR,13

N R G STREET,37

ARANGA NAGAR,12

INDHU MAA NAGAR,19

RAMASWAMY NAGAR LAYOUT,13

RAMASAMY NAIDU NAGAR,2

SUBRAMANIAM AVENUE,11

N R I GARDENS,19

SRI VARAGAMOORTHY AVENUE,15

S R GARDEN,10

CHANDRA GANDHI NAGAR,5

THUCKKINAR KRISHNAN NAIDU STREET,15

THIRUMAGAL NAGAR 12TH CROSS STREET,5

THIRUMAGAL NAGAR,28

THIRUMAGAL NAGAR 13TH CROSS STREET,4

THIRUMAGAL NAGAR 14TH CROSS STREET,6

THIRUMAGAL NAGAR 16TH CROSS STREET,2

RANGA NAYAGI AMMAL NAGAR,10

ANNAMAR KOVIL STREET,14

VELAPAN STREET,2

PEELAMEDU MAIN ROAD,22

CHANDRA GANDHI MAIN ROAD,7

CHANDRA GANDHI NAGAR 1ST LANE,7

CHANDRA GANDHI NAGAR 2ND LANE,4

CHANDRA GANDHI NAGAR 3RD LANE,2

CHANDRA GANDHI NAGAR 4TH LANE,2

CHANDRA GANDHI NAGAR 5TH LANE,2

PERIYAR NAGAR 3RD STREET,1

ANNA NAGAR 12TH CROSS STREET,3

KRISHNA NAGAR,28

P P S COLONY,13

ANNA NAGAR VIKAS LAYOUT,4

BALASUBRAMANIYAM NAGAR,2

ANNA NAGAR 3RD CROSS STREET,1

ANNA NAGAR 4TH CROSS STREET,3

ANNA NAGAR 5TH CROSS STREET,1

ANNA NAGAR 7TH CROSS STREET,4

ANNA NAGAR 6TH CROSS STREET,2

ANNA NAGAR 2ND CROSS STREET,6

ANNA NAGAR 1ST CROSS STREET,3

PERIYAR NAGAR 2ND STREET,2

KALLOORI NAGAR,18

ANNA NAGAR 9TH CROSS STREET,4

ANNA NAGAR 8TH CROSS STREET,3

ANNA NAGAR 10TH CROSS STREET,5

ARUMUGAM LAYOUT,4

KASI STREET,3

VIKAS LAYOUT,3

JEGANATHAN COLONY HOUSING UNIT,1

PEELAMEDU PUDHUR MAIN ROAD,11

PUDUR MARIAMMAN KOVIL STREET,11

VENKATACHALAM STREET,3

P S G ESTATE COLONY,11

R K MILLS COLONY,14

AARA STREET,3

VEERA KAMATCHI AMMAN KOVIL,2

PERIYA RANGANNAN STREET,2

KONDASAMY STREET,1

AYYAPPA NAIDU STREET,4

THIRUMAGAL NAGAR 1ST CROSS STREET,3

THIRUMAGAL NAGAR 3RD CROSS STREET,2

THIRUMAGAL NAGAR 2ND CROSS STREET,2

MARAIMALAI ADIGALAR NAGAR,15

THIRUMAGAL NAGAR 5TH CROSS STREET,2

THIRUMAGAL NAGAR 7TH CROSS STREET,4

THIRUMAGAL NAGAR 8TH CROSS STREET,6

THIRUMAGAL NAGAR 9TH CROSS STREET,4

THIRUMAGAL NAGAR 10TH CROSS STREET,4

THIRUMAGAL NAGAR 11TH CROSS STREET,4

KAVETTY LAYOUT,40

T.N.H.B COLONY,12

YELLAI THOTTAM,7

PALANIAPPA STREET,13

CHINNA SOWRIPALAYAM EAST SIXTH  STREET,3

BALADHANDAYUTHAM STREET,12

GRG STREET,3

ANNAI VELANKANI NAGAR,25

KRISHNA NAGAR SECOND STREET,8

KRISHNA NAGAR THIRD STREET,1

KRISHNA NAGAR FIRST STREET,1

KALLARAI STREET,14

MATHA KOVIL STREET,20

V.O.C.STREET,19

CAR STREET,11

RATCHAKAPURAM STREET,7

UDAYAMPALAYAM MAIN ROAD,22

NETHAJI STREET,9

KAMARAJAR COLONY,3

EAST STREET,8

INDRA NAGAR EAST SECOND STREET,2

INDRA NAGAR EAST FOURTH STREET,1

INDRA NAGAR EAST THIRD STREET,2

KONNAR THOTTAM,2

BHARATHI PURAM,16

KASTHURIBAI COLONY,3

ANNAMALAI NAGAR,14

ANNAMALAI NAGAR SECOND STREET,5

ANNAMALAI NAGAR THIRD STREET,4

ANNAMALAI NAGAR FOURTH STREET,4

MARIYAMMAN KOVIL STREET,12

NAVA INDIA ROAD,24

RAJESWARI NAGAR,10

SRI LAKSHMI NAGAR,45

HINDUSTAN AVENUE,21

ASHOK STREET,34

MEENA ESTATE MAIN STREET,11

ELGI NAGAR,8

THOTTICHIAMMAN KOVIL STREET,11

VINAYAGAR KOVIL STREET 1,3

VINAYAGAR KOVIL STREET 2,3

NETHAJI MAIN ROAD,20

KANNABIRAN MILL ROAD,20

CHINNA IYYAVU LAYOUT,12

NARAYANA AVENUE,19

B.R.LAYOUT,8

RAJIV GANDHI NAGAR TNHB COLONY,15

KRISHNA COLONY,48

MANI RAJA GARDEN,11

IYER HOSPITAL ROAD,18

KARUVALUR MARIYAMMAN KOVIL STREET,16

PANDARASUBAIYAN DEVAR STREET,2

NETHAJI LANE,15

MEENA ESTATE FOURTH  STREET,18

MEENA ESTATE FIFTH STREET,7

MEENA ESTATE THIRD  STREET,10

MEENA ESTATE SECOND  STREET,6

SENTHIL NAGAR,26

KARTHIK NAGAR,11

KARUPPUSAMY STREET,4

MEENA ESTATE,3

KOTHARI LAYOUT,30

NAVY NAGAR,6

MAY FLOWER AVENUE,19

RAJU GARDEN ROAD,7

RAJA NAGAR,10

RAJA SECOND STREET,11

RAJA THIRD STREET,4

GOVINDHASAMY LAY OUT,6

NETHAJI LANE 2,3

MEENA ESTATE FIRST CROSS STREET,13

NETHAJI LANE 3,3

RAM GARDENS,8

RAMAKRISHNAPURAM,2

NEERMANIAKARAR STREET,5

POOSARI MARIYAPPAN STREET,13

KRISHNAN KOVIL STREET,7

SHANMUGAM STREET,8

RAHMAN SAIT COLONY,5

KRISHNASAMY NAGAR,59

T NAGAR,10

AUTO DRIVER COLONY,3

PANKAJA MILLS ROAD,71

THIRUVALLUVAR NAGAR 1,9

MARUDHUR MARIYAMMAN KOVIL STREET,8

NATARAJAN STREET,1

MANIAM ARULANANDHAR STREET,2

MUKKUNDHAR STREET,3

POLICE KANDHASAMY ROAD,3

PANKAJA MILLS CHANNEL HOUSE,6

L G B COLONY,6

MASAAL STREET,2

JEGANATHAN STREET,5

MARUDHACHALA DEVAR STREET,10

THAMARAI PERIYANAYAKAM STREET,5

STV NAGAR,24

PN PALAYAM ROAD,4

HINDUSTAN COLLEGE ROAD,2

SANTHANAM  STREET,2

SUBBAIYA LANE,8

ARUMUGAM LANE,7

THIRUVALLUVAR NAGAR 2,17

THIRUVALLUVAR NAGAR 3,2

SUBRAMANIAR KOVIL STREET,3

BPC COLONY,18

SUBASH NAGAR,10

FCI ROAD,4

TNHB ROAD,9

KK NAGAR,29

GANDHI MANAGAR ROAD,3

VARADARAJALU NAGAR,81

JAGANATHAN COLONY,1

THUCKKINAR KRISHNAN NAI,2

POINEER MILL ROAD,45

PSG ESTATE COLONY,1

G.D.RESEDENCY ROAD,8

KAVERY RAMAN STREET,3

GANGAVAR STREET,5

AVARAMPALAYAM ROAD,95

JAGANATHAPURAM,9

MASTHI STREET,5

THUKINNAR STREET,3

MARIAMMAN KOIL STREET,12

RANGASWAMY STREET,3

KALLIMADU STREET,9

RANGAMMAL KOIL STREET,6

CHINNASAMYAVENUE,13

BLACK MARIAMMAN KOIL STREET,5

GIRIAMMAN KOVIL STREET,24

P.R.P GARDEN SECOND STREET,2

BURHANI SOCIETY,22

DURAISWAMY LAY OUT,32

THIRUVEESAR NAGAR,6

SHANTHI NAGAR,17

KULALAR STREET,2

BHARATHI COLONY CROSS ROAD,5

BHARATHI COLONY,49

SRINKAR NAGAR,18

N.G.R. STREET,5

KUPPUNAIDU STREET,4

MUTHU STREET-2,4

MUTHUPANDARAM STREET - 2,2

GIRIAMMAN KOVIL FIRST STREET,4

GIRIAMMAN KOVIL THIRD STREET,3

POSARI RAMANAIDU STREET,2

MUKKOOTU RAMASWAMY ROAD,3

KACHAMMA STREET,3

RAMASWAMY STREET,8

BOLA STREET,5

YOGIRAM SURAT KUMAR NAGAR,13

ARUNACHALAM ROAD,18

RAMALINGAM ROAD,14

SUKRAVARPET ROAD,2

D B ROAD,13

CHINNA VEDAMPATTI LANE,6

KAMARAJAR LANE,2

LIGHT HOUSE ROAD,14

SIDHI VINAYAKAR KOVIL,2

GIRIAMMAN KOVIL FIFTH STREET,10

NAMBURAR STREET,5

DISPENSARY ROAD,3

SUMUKA GARDEN,9

P.R.P GARDEN,7

P.R.P GARDEN FIRST STREET,1

AKILANDESHWARI AMMAN KOVIL STREET,1

PEELAMADU JUNCTION ROAD,9

RAJA GOPAL LAY OUT,15

RAJA GOPAL LAY OUT SECOND STREET,5

RAJA GOPAL LAY OUT FIRST STREET,1

AVARAMPALAYAM RAMAKRISHNA ROAD,1

VILANG KURICHI STREET -2,4

NARAYAN SWAMY LAY OUT,2

MALLINAR STREET,1

VETRILAIKARA STREET,3

BHARATHI COLONY WEST SECOND STREET,5

BHARATHI COLONY WEST THIRD STREET,6

BHARATHI COLONY WEST FIRST STREET,6

LAL BHATHUR COLONY,33

BHARATHI COLONY EAST FIRST STREET,2

BHARATHI COLONY EAST SECOND STREET,6

SRINKAR NAGAR EXTENSION,2

KANAKUPILLAI STREET,2

PERA NAIDU STREET,7

ANADHA THIRUVENGATA SWAMY STREET,1

SRI VALLI NAGAR,2

CHINTHAMANI NAGAR,17

ELANGO NAGAR,91

THIRU VEESAR NAGAR,5

G B COLONY,6

MAHATMA GANDHI ROAD,18

BALA SUNDARAM NAGAR,45

SOUTH STREET - 7,3

SOUTH STREET - 6,5

SOUTH STREET - 5,4

SOUTH STREET - 2,13

SOUTH STREET,11

SOUTH STREET - 3,6

ARASAMARA STREET,11

KAUVERI STREET,2

VINAYAGAR KOIL STREET,8

VAIGAI STREET,5

DURAISAMY LAYOUT,5

MURUGAN KOVIL STREET,5

VENU GOPAL LAYOUT,5

SHOBA NAGAR,27

BHAVANI STREET,9

PARASAKTHI NAGAR,3

MARUTHY NAGAR,14

JANAGIAMMAL LAYOUT,11

AMBAL NAGAR,12

V G RAO NAGAR,112

V N S NAGAR,29

THIRUPATHI VENGATACHALAPATHI NAGAR,12

GEM NIRMALAYAM,3

POOMBUKAR GARDEN,5

SRI RAM NAGAR,19

INDRA NAGAR,6

OM PRASAKTHI NAGAR,1

ALAMELU MANGAMMA PURAM,54

ATHIPALAYAM ROAD,48

SAKTHI ROAD,14

MARUTHAMALAI LAYOUT,19

V K V NAGAR,7

BUDDHA  STREET,20

SRI DEVI NAGAR,53

JANAGI NAGAR,12

SUDHARSHANA AVENUE,20

BHARATHIYAR NAGAR,43

VELAVAN NAGAR,12

RANGANADHAN STREET,17

SARATHA DEVI STREET,16

K K NAGAR,9

OM SHAKTHI NAGAR,17

SRI VAARI RAMAKRISHNA GARDEN,26

VILANKURUCHI ROAD,9

KASTHURIBAI STREET,14

ARUNA LAYOUT,15

K R G NAGAR,79

KANNIMAR NAGAR,13

VENKATESWARA COLONY,12

ANNA NAGAR 3,3

ANNA NAGAR 4,3

ANNA NAGAR 1,1

ANNA NAGAR 2,4

KARPAGA VINAYAGAR NAGAR,5

NARAYANAN NAGAR,6

ANNAI ABIRAMI  NAGAR,5

VEDAMBAL NAGAR,1

BALAMURUGAN NAGAR,40

R K PURAM,9

RAVINDRANATH TAGORE ROAD,62

VENKATASAMY NAGAR,6

VIVEKANATHAR STREET,5

MULLAI NAGAR,33

AVAIYAR STREET,5

SARATHA GARDEN,9

KAPPINIKAVU LAYOUT,4

NANDHAVANA THOTTAM,7

THIRUVALLUR ROAD,4

SANKARALINGAM ROAD,47

VASUKI STREET,10

KAKKAN STREET 5,1

KAKKAN STREET 4,1

KAKKAN STREET 2,2

CHERAN STREET,1

ELANGO STREET,3

VELLINGIRI LAYOUT,3

VEERA SIVAJI STREET,2

KALKI STREET,13

ARANMANAI THOTTAM,9

RAMANA GOUNDER LAYOUT,10

MANIKKA VASAGA NAGAR,39

ANNAIAPPAN STREET,100

VIJAYA NAGAR ROAD,9

SRINIVASALU NAGAR,5

ANBU NAGAR,8

VIJAYA NAGAR,10

VOC  NAGAR,19

RATHINAM NAGAR,15

RAJU NAGAR,7

ELLAI THOTTAM MAIN ROAD,18

RANGAVILAS NAGAR,7

ASP ROAD,7

ELLAI THOTTAM ROAD,20

RAYAPPAN STREET,10

V.O.C COLONY,8

V.O.C COLONY RAYAPPAN STREET,2

NEHRU NAGAR SECOND STREET,8

CHENGALIAPPAN NAGAR,52

JAI NAGAR,14

KARUPPANA LAYOUT,31

NEEM LANE,2

RAJA NAIDU LAYOUT,16

SENGALIAPPAN LAYOUT,53

NEHRU NAGAR CROSS ROAD,6

A.D COLONY,40

MARVGUTHAYAMMAL,12

TULAK VENGADESH STREET,8

AYYAL NEDAI STREET,6

BALA GURU GARDEN,28

P.R QUARTERS ROAD,6

NALLAMPALAYAM ROAD,113

OM NAGAR,12

ARUNA NAGAR,2

SABARI GARDEN,36

TEYMAYAN STREET,33

RAMACHANDRAN STREET,3

KARNAM SUBRAMANIAM STREET,3

SUGUNA NAGAR,8

SENNIAPPAN STREET,7

GANESH LAYOUT,50

RAILWAY MENS COLONY,5

KATTU KARUPPARAYAN KOVIL  STREET,9

AMIRTHA AVENUE,33

M B C NAGAR,10

MARUTHAM NAGAR,9

GANAPATHIYAPPAN STREET,22

PALANIYAPPAN STREET,1

THALIVAR RAMASAMY STREET,2

EDUMBAN STREET,7

RANGA LAYOUT,62

RANGA LAYOUT 1,4

MAMARA THOTTAM,18

SUBBIAN STREET,6

ANBRASE STREET-1,9

VELLAPPAN STREET,9

THIYAGI NGR STREET,4

MANIKKAM STREET,5

VENKATESA NAGAR,16

RAMANATHAN STREET,4

C P SRINIVASAN STREET,6

MUTHUSAMY STREET,2

V K C NATARAJAN STREET,7

JAYANTHI NAGAR,5

THIRUMALAI SAMY STREET,17

BANGO STREET,29

KARUPPARAYAN KOVIL STREET,59

KANNUSAMY GOUNDER STREET,15

KANDHASAMY GOUDER STREET,15

SIVANAPURIAMMAN NAGAR,38

SRIYAS LAYOUT,9

PUTHUTHOTTAM STREET,86

MANIS NAGAR,37

THAIR ITTERI ROAD,3

SANGANUR ROAD,38

RASIYAPPAN STREET,12

LAKSHMANAN STREET,15

SARASWATHY STREET,5

THANDAL MUTHAN STREET,1

VENKATASAMY STREET,9

KARUPPUSAMY NAGAR,3

POONTHOTTAM,26

KALLUKATI THOTTAM,5

MAMARATHOTTAM STREET 3,4

GOPAL SWAMY KOVIL STREET,16

NATEISAR STREET,3

PANDIYAN STREET,2

THASAR STREET,2

JAYAPRAKASH NAGAR MAIN ROAD,12

JAYAPRAKASH NAGAR 2,5

MAMARATHOTTAM STREET 2,6

MAMARATHOTTAM STREET,6

MAMARATHOTTAM STREET 1,4

KAPPINIYAPPAN STREET,4

THILAGAR STREET,3

PONNIYAR STREET,2

VINO BAJI STREET,2

NALLA THANNER THOTTAM,3

SIDDHA THOTTAM STREET,15

NADU VALAVU LANE,9

VADAKKU THOTTAM,2

KANNAKI STREET,1

MANTHIRIYAPPAN STREET,2

INDIRA NEHRU STREET,3

KASTHURIBAI 2ND STREET,2

KAMALA NEHRU STREET,5

KASTHURIBAI 1ST STREET,13

OLD SAKTHY ROAD,5

KASTHURIBAI 3RD STREET,7

ARUNASALAM STREET,2

MANAL THOTTAM,4

KASTHURIBAI 4TH STREET,9

MOOKAMBIKA NAGAR,46

KRISHNARAJ COLONY,6

AMBEDKAR STREET,3

RAJA NAIDU STREET,19

JAYAPRAKASH NAGAR,29

JAYAPRAKASH NAGAR 1,8

P N P ROAD,82

PALANI ANDAVAR KOVIL STREET,21

SIVASAKTHI COLONY,18

GANAPATHY NAGAR,18

CHINNASWAMY STREET,13

KATTABOMMAN STREET,98

MARUTHAIYA NAGAR,14

VELAN NAGAR,9

GANAPATHY GARDEN,13

MEENAKSHI NAGAR,14

VAZHAI THOTTAM,2

GANAPATHY PUDUR STREET 3,23

GANAPATHY PUDUR STREET 1,9

GANAPATHY PUDUR STREET 2,12

GANAPATHY PUDUR STREET 4,11

GANAPATHY PUDUR STREET,26

GANAPATHY PUDUR STREET 5,11

GANAPATHY PUDUR STREET 6,16

GANAPATHY PUDUR STREET 7,13

GANAPATHY PUDUR STREET 9,8

GANAPATHY PUDUR STREET 8,39

DHARANI NAGAR,5

DEVAPURAM,19

JAYA PRAKASH STREET,7

VIJAYALAKSHMI LAYOUT 1,9

VIJAYALAKSHMI LAYOUT,2

VIJAYALAKSHMI LAYOUT 2,6

GANESH LAYOUT 3,10

GANESH LAYOUT 6,17

GANESH LAYOUT 8,19

GANESH LAYOUT 7,10

GANAPATHY PUDUR STREET 10,5

ATHANUR AMMAN KOVIL STREET,1

GANESH LAYOUT 5,4

SUNDHAR STREET,2

BHAGAT SINGH STREET,1

NALLIA MUTHALIYAR ROAD,3

GANESH LAYOUT 4,8

GANESH LAYOUT 9,5

PARAMESWARAN LAY OUT 2,2

PARAMESWARAN LAY OUT,8

NEW CHITRAMBALAM LAY OUT,16

LAXMANAPURAM,14

LAKSHMIPURAM ROAD,3

P N PALAYAM ROAD,3

JAYASIMMAPURAM,31

KANDHASAMY LAY OUT,16

NEW SCHEME ROAD,2

SRI RAMAPURAM,1

VENUGOPAL LAY OUT,9

PAPPAMMAL LAY OUT,5

RANGAMMAL STREET,6

SIRU KALIYAMMAN KOVIL STREET,6

LONDON MISSION SCHOOL ROAD,10

ASHOKAR STREET,8

KATTUR ROAD,25

KAVARI LANE,7

RANGASAMY THOTTA SALAI,3

RAMASAMY THOTTA SALAI,2

GOVINDASAMY THOTTA SALAI,3

BALASUNDARAM ROAD,4

L M L COLONY,12

OLD DHAMU NAGAR,17

PULIYAKULAM MAIN ROAD,19

SRI RAMAPURAM CROSS,1

ARUNDHATHIYAR STREET,3

DHANDAPANI STREET,1

LAKSHMI MILL COLONY,3

LAKSHMI MILL CO-OP BUILDING SOCIETY,16

G K D NAGAR,9

KUPPANNAN STREET,2

NEW DHAMU NAGAR,13

NAVY QUATERS,2

PERA STREET-II,2

N G RAMASAMY ROAD,4

M.K.STREET,3

SUBARAMANIYA UDAIYAR STREET,21

THIRU VENKADAM NAGAR,12

SAKTHI VINAYAGAR KOVIL STREET,3

NEDUNCHEZHIAN  STREET,4

T G RAMASAMY STREET,3

RAJ NAGAR,9

SAROJINI NAGAR,2

SAROJINI NAGAR 4,2

LIC EXTENSION,13

NEHRU COLONY,3

L I C COLONY,23

C G V NAGAR,11

PERUR MAIN ROAD,59

SAROJINI NAGAR 5,1

THILLAI NAGAR,20

VENKATESHWARA LAYOUT,1

V O C MAIN ROAD,8

MUTHUSAMY COLONY,24

MUTHUSAMY COLONY 1,6

V O C NORTH SOUTH STREET,4

S A GARDEN,15

RAJESWARI STREET,9

MUTHUSAMY COLONY 3,4

JAYALAKSHMI NAGAR,8

BHARATHI ROAD,12

JOSIYAR KARAMADAI STREET,3

MUTHU MARIAMMAN KOVIL STREET,2

V O C EAST WEST STREET 1,2

V O C EAST WEST STREET 3,3

TELUGU PALAYAM MAIN ROAD,18

MUTHAIYA UDAIYAR STREET,2

VAITHIYAR ARUMUGAM UDAIYAR STREET,3

PUDHU COLONY,11

RAJARAJESWARI STREET,6

VEDAPATTI ROAD,5

TEXTOOL COLONY,15

RAJEEV NAGAR,7

ANNAI NAGAR,1

NARAYANASAMY NAGAR,11

CHIDAMBARAM COLONY,5

PANAI MARATHUR ROAD,9

PRIYA NAGAR,42

C P M NAGAR,2

KALAINGAR NAGAR,6

DHANALAKSHMI GARDEN MAIN ROAD,3

DHANALAKSHMI GARDEN STREET 2,2

DHANALAKSHMI GARDEN STREET 1,2

ANNA PATHAI,1

MUTHUSAMY COLONY SOUTH NORTH STREET,8

MUTHUSAMY COLONY 2,7

DURGA GARDEN ROAD,4

MUNIAPPA NAGAR,14

SASTHA NAGAR,8

RANGAPPA LAYOUT,6

ARUL GARDEN,33

CHOZAN NAGAR,2

PANDIAN NAGAR,7

SHANMUGARAJAPURAM,28

NORTH HOUSING UNIT,79

VELLAPPA GOUNDER THOTTAM STREET,1

CHOKKAM PUDUR ROAD,20

VALLEYAMAL NAGAR,5

RAJAVENUE,4

RAJARATHINAM NAGAR,21

AMULU NAGAR,18

INDHRA NAGAR 2ND STREET,2

N.S.K STREET,21

RANGASAMY STREET,10

PERIYA THAMBI NAGAR,6

RAMAMOORTHY ROAD,25

RAMAMOORTHY STREET,5

NANJAPPA STREET 2,6

NANJAPPA STREET 1,6

SOKKAMPUTHUR ROAD,2

AYYAVUPANNADIES STREET,22

BRIGHT GARDEN,5

KARAUPPANNAN STREET,16

JEEVA PATHAI,12

ANNAI INDRA NAGAR,42

MASANI AMMAN KOVIL STREET,3

SOMAYANOOR ROAD,2

EB COLONY,26

SRS LAYOUT,7

BALAJI NAGAR SECOND CROSS STREET,6

BALAJI NAGAR FIRST STREET,4

SUNDAKKA MUTHUR ROAD,30

SELVAPURAM NORTH,36

DEVENDRAN STREET,17

SELVAPURAM MAIN ROAD,18

SELVAPURAM ROAD,36

IUDP COLONY ROAD,5

KALLAMEDU ROAD,15

SELVAPURAM SOUTH,9

RAJESHWARI NAGAR,26

THIRU NAGAR FIRST STREET,2

NORTH HOUSING UNIT 6TH CROSS STREET,3

NORTH HOUSING UNIT 7TH CROSS STREET,5

IUDP COLONY EAST STREET,6

IUDP COLONY HOUSING UNIT,4

CHANDRASEKAR PURAM,7

NORTH HOUSING UNIT 5TH CROSS STREET,2

KARUPURAYAR STREET,3

AADHI SAKTHI NAGAR,1

LAWLY ROAD,41

BRINDA LAYOUT,26

SINDHU NAGAR,1

RAMAKRISHNA PURAM STREET 2,8

RAMAKRISHNA PURAM STREET 4,2

RAMAKRISHNA PURAM,15

NANJAPPAN GARDEN,2

SAMY IYER NEW STREET,22

SAMY IYER STREET,2

SOKKAM PUDHUR ROAD,30

KRISHNA STREET,22

EDAYAR STREET,2

RAJAMMAL LAYOUT,14

AA SCHEME ROAD,19

P M SAMY COLONY 1,14

RAMAKRISHNA PURAM STREET 1,3

RAMAKRISHNA PURAM STREET 3,5

PONNAIYARAJAPURAM,16

PONNAIYARAJAPURAM ROAD 2,1

PONNAIYARAJAPURAM ROAD 4,2

GOPAL LAYOUT,9

SRI NAGAR ROAD,7

GOPAL LAYOUT(LEELA APPARTMENT),5

SRI SHANMUGA NAGAR,5

PALANI SAMY COLONY,11

MURUGAIYA LAYOUT,4

A K S NAGAR,20

THADAGAM ROAD,174

HUSSAIN BAI LANE,1

RAJAMMAL LAYOUT CROSS STREET,3

SOKKAMPUDUR ROAD,9

LAWLY ROAD 1,2

SUNDAPALAYAM ROAD,56

V M C COLONY,5

MUTHUKUMARASWAMY LAYOUT,5

P M SAMY COLONY 5,6

P M SAMY COLONY 2,4

ROBERTSON ROAD 1,12

NATHAN NAGAR,18

NATHAN NAGAR 1,1

G.R.D LAYOUT,2

G.V.D LAYOUT,6

ROBERTSON ROAD,8

ROBERTSON ROAD 2 (L.I.C),7

THADAGAM ROAD 5,2

NATHAN NAGAR 5,2

SUBRAMANIYA PURAM 2,7

CAPTIAN PALANISAMI LAYOUT,8

THIRUMOORTHY LAYOUT,6

LAWLY ROAD 2,8

IYAR THOTTAM,1

SAVITHRI NAGAR,21

KUPPANNA GOUNDER THOTTAM,2

UKKADAM BYPASS ROAD,20

ASHOK NAGAR,19

PRABHU NAGAR,13

ANNAI ABIRAMI NAGAR,7

KATTERI THOTTAM,4

CHETTY STREET,3

K C THOTTAM ROAD,7

K C THOTTAM SECOND STREET,5

BALAJI AVENUE,5

KATTERI THOTTAM THIRD STREET,8

KURUNJI GARDEN,27

THIRU NAGAR,7

THIRU NAGAR THIRD STREET,6

ELLIL NAGAR,2

SELVAPURAM HOUSING UNIT,20

PALLI VASAL STREET,23

AZAD NAGAR,11

UKKADAM SOUTH HOUSING UNIT,9

AZAD NAGAR 9,11

SARAMEDU NAGAR,29

AZAD NAGAR 2,3

AZAD NAGAR 5,5

BILAL ESTATE,37

ROYAL NAGAR,9

THIPPU NAGAR,10

SAVUKAR NAGAR-1,8

SAVUKAR NAGAR-2,8

KULANTHAI GOUNDER STREET,6

SAVUKAR NAGAR-3,8

SARAMEDU MAIN ROAD,11

BHARATH NAGAR-1,3

FATHIMA NAGAR,9

FATHIMA NAGAR 2,3

MADEENA NAGAR,4

M M A MARKET,29

ROSE GARDEN,23

AL AMEEN COLONY 1,12

AL AMEEN COLONY 2,12

AL AMEEN COLONY 3,11

AL AMEEN COLONY,2

ANNA COLONY,6

M C R NAGAR,14

MUTHU COLONY,3

M C R NAGAR 3,3

M C R NAGAR 2,4

M C R NAGAR 1,4

AZAD NAGAR 7,3

AZAD NAGAR 8,3

AZAD NAGAR 6,2

AZAD NAGAR 3,3

AZAD NAGAR 4,1

PONVIZHA NAGAR,22

ANNEX GARDEN,7

BYPASS ROAD,3

FATHIMA NAGAR 1,3

ABDUL KABOOR LAYOUT,7

FATHIMA NAGAR 3,4

LORRY PETTAI ROAD,18

KANNIMAR KOVIL STREET,1

BILAL NAGAR,9

ALAKANNAN STREET,10

KOUNDAYAPPAN STREET,5

AMMASSAI STREET,29

KAMARAJAR STREET CROSS 1,1

MANIAMVELLAPPAN STREET,94

K A BALASUBRAMANIYAM ROAD 7TH CROSS,2

PERIYASUPPANAN STREET,4

KALIAMMAL STREET,7

NANJAMMAL STREET,7

PERIYAR NAGAR TENVADAL STREET 2,1

CHAIRMANRAJU NAGAR,18

PERIYAR NAGAR TENVADAL STREET 1,22

ANNAI SATHYA NAGAR,8

K S ARUNACHALAM STREET,20

PERIYAR NAGAR TENVADAL STREET 3,15

CHINNA SUBBANNAN STREET,3

N S R ROAD,42

P N EAST WEST 1,7

K S RAMASAMY STREET,8

KANNAPPAPURAM SOUTH MAIN ROAD,4

GANAPATHY LAYOUT,28

RAMALINGA NAGAR CROSS 2,28

K A BALASUBRAMANIYAM ROAD,30

K A BALASUBRAMANIYAM ROAD 2ND CROSS,1

K A BALASUBRAMANIYAM ROAD 4TH CROSS,2

K A BALASUBRAMANIYAM ROAD 5TH CROSS,1

K A BALASUBRAMANIYAM ROAD 3RD CROSS,3

PALANISAMY CONOR STREET 3,3

BATHRUSAMY STREET,1

KAVERI STREET,6

KAMARAJAR STREET CROSS 7,1

KAMARAJAR STREET CROSS 2,1

KAMARAJAR STREET CROSS 5,3

KAMARAJAR STREET CROSS 4,1

PALANISAMY CONOR STREET 2,4

KAMARAJAR STREET CROSS 6,1

PALANISAMY CONAR STREET,8

KALLIAPPAN STREET,3

BADHRUSAMY STREET,10

N.S.R ROAD,30

SIVAKUMAR STREET,31

CHINNASAMY STREET,13

K G LAYOUT 4TH CROSS,2

P V KRISHNAN STREET,9

K G LAYOUT,22

KUPPUSAMY STREET,2

K G LAYOUT 3RD CROSS,12

C S RATHINASABAPATHI STREET,18

MARUTHAKKUTTY STREET,15

AROKIYASAMY STREET,1

S V RAMANI STREET,3

RAMALINGA NAGAR CROSS 4,24

KANNAKKAL STREET,4

MAYAAKKAL STREET,15

RAMALINGA NAGAR CROSS 1,5

RAMALINGA NAGAR CROSS 3,18

G K SUNDARAM STREET,8

MANIAM MARUTHAKUTTY STREET,3

MANIAM KALIAPPAN STREET,12

KRISHNAMMAL STREET,26

THIRUMALAI STREET,5

S K V  NAGAR,4

KALIAPPAN STREET,1

KALIANNAN STREET,1

KARRUPUSAMY MESTHIRI STREET,16

SABABATHI STREET,4

CHINTHAMANI NAGAR 3,9

CHINTHAMANI NAGAR 5,2

CHINTHAMANI NAGAR 1,2

K R SHANMUGAM STREET,4

KALIAMMAN KOVIL STREET,6

VISWESWARAYYA STREET 3,6

CHINTHAMANI NAGAR 4,2

NETHAJI COLONY,14

AMMAN KOVIL STREET,25

R K NAIDU LAYOUT,21

JEGAJEEVANRAM STREET,2

SUBRAMANIAPURAM STREET,11

DR RADHAKRISHNAN STREET,56

VENKETASAMY NAIDU STREET,2

MANAIYADI JOSEYAR STREET,15

PARTHASARATHI STREET,1

KOUNDASAMYNAIDU STREET 2,14

K K PUDHUR ROAD,14

KOUNDASAMYNAIDU STREET 1,4

KOUNDASAMYNAIDU STREET 3,12

ANANDHA HOUSING COLONY 2,6

NACHIMUTHU LAYOUT,16

JANAKI NAGAR,5

ANANDHA HOUSING COLONY 3,6

RAMASAMY STREET 2,2

ANANDHA HOUSING COLONY 1,2

KAMARAJ STREET,2

RAMASAMY NAIDU LAYOUT 3,1

RAMASAMY NAIDU LAYOUT 4,1

RAMALINGAM NAGAR 3,4

K K PUDHUR ROAD 2,1

VISVESWARAYYA STREET 2,5

ANANDA HOUSING UNIT,1

NATARAJ LAYOUT,3

RAMALINGAM NAGAR 5,1

K K PUDHUR ROAD 3,1

RAMALINGAM NAGAR 4,1

KRISHNAMENON ROAD,6

DR AMBEDKAR ROAD,53

VEERAPANDIA KATTABOMMAN STREET,2

THILAKAR STREET,21

MARUTHAKONAR ROAD,35

PONRAMA KONAR STREET,4

AAYIKONAR STREET,2

PALANIKONAR STREET,5

THAVASI NAGAR GREEN CITY,18

NALLAMMAL  STREET,25

JEEVA NAGAR,6

N G R KOVILMEDU STREET,3

BHAGAVATH SINGH STREET 2,2

SHENBA KONAR STREET,1

AMMASAIKONAR STREET,1

PERIYAKANIKONAR STREET,1

VELAKKONAR STREET,1

KUPPAKONAR STREET,7

BHAGAVATH SINGH STREET 3,1

BHAGAVATH SINGH STREET 1,7

PATTUKOTTAI KALYANA  SUNDHARAM STREET,6

UR GOUNDER STREET,1

AAYAKONAR STREET,4

KARIKUTTIANNAN STREET,2

AYYASAMY CHETTIAR STREET,1

RAMS NAGAR,11

MAARAN STREET,3

AISWARYA NAGAR,12

PONNUSAMY NAGAR,29

JEGADESH NAGAR,10

VEERAMATHIAMMAN KOVIL STREET,16

MUMMANAIKAR STREET,24

MARUTHAMALAI ROAD,108

SASTHIRI STREET-1,3

GOKULAM COLONY 2,11

DEVI NAGAR,9

SIRUVANI ROAD,5

SRINAGAR MAIN ROAD,11

BODI STREET,3

CHENNIMALAI ANDAVAR NAGAR,2

VEERAN STREET,1

GOGULAM COLONY MAIN ROAD,1

NANJAPPA GOUNDER STREET,6

RADHIKA  AVENUE,22

PUDHUKINARU STREET,9

SUNDARAM STREET 2,2

ANNASTREET 2,1

RANGA GOUNDER PUDHUR STREET,4

POON NAGAR,1

THIRU V K STREET,3

KANCHEE NAGAR,3

VEERASAMY STREET,7

K K COLONY,9

REVATHY NAGAR,5

SRINAGAR STREET NO 1,10

INDIRA GANDHI STREET,5

VIVEKANANDAR STREET,25

THAHUR STREET,4

RAJENDRAPRASAD STREET,3

BHARATHIDHASANAR STREET,1

PERIYARRAMASAMY STREET,1

ELANGOVADIKAL STREET,3

SRINAGAR STREET NO 4,3

SRINAGAR STREET NO 3,3

KALYANASUNDARAM STREET,2

KARUPATHAL LAYOUT,6

R G R STREET,4

RAJENDRAPRASAD STREET 1,2

YELLAPPA NAIKKAR THOTTAM,5

SUNDARAM STREET 1,1

P N PUDUR STREET,2

THIRUNAVUKARASU  STREET,3

KANGAVAR STREET,1

SRINAGAR STREET NO 2,2

CLASSIC DELUX RIGHT HOUSE,1

MULLAI NAGAR (SLUM),1

SRI RAM LAYOUT,1

NARAYANA GURU MISSION ROAD,16

BHARATHI PARK ROAD CROSS - 2,13

BHARATHI PARK ROAD CROSS - 3,12

BHARATHI PARK ROAD CROSS - 5,15

BHARATHI PARK ROAD CROSS - 8,15

NEW NESAVALAR COLONY,26

BHARATHI PARK MAIN ROAD,35

V.G.R.PURAM,7

CHINNA SUBBANNAN LAYOUT,4

ALAGESAN MAIN ROAD,34

BHARATHI PARK MAIN ROAD - 2,13

NESAVALAR COLONY,2

RAJA ANNAMALAI ROAD,21

RAMANNA LAYOUT 4,3

SIRUVANI NAGAR,1

RAMALINGAM COLONY,17

RAMANNA LAYOUT 3,3

RAJU ROAD,7

DR.RAJENDRA PRASAD ROAD,11

BHARATHI PARK ROAD CROSS - 6,25

RAMALINGAM NAGAR,2

BHARATHI PARK ROAD CROSS - 4,17

BHARATHI PARK ROAD CROSS - 1,8

S.R.P NAGAR,4

RAGUPATHY LAYOUT - 2,2

RAGUPATHY LAYOUT - 1,1

RAMANNA LAYOUT 2,2

RAMANNA LAYOUT 1,2

V.V.C LAYOUT,8

SASTHRI ROAD,8

GOKULAM COLONY 9,2

COWLY BROWN ROAD,4

RANGASAMY ROAD,3

TNAU INTERNAL ROAD,147

PONNUSAMY ROAD,2

THIRUVEKADAM ROAD,1

S.R.P.NAGAR 2,3

THADAGAM LINK ROAD,2

ALAGESAN ROAD - 2,12

BHARATHI PARK ROAD CROSS - 7,11

SUBBAIYAN STREET,5

A.K.NAGAR,1

THONDAMUTHUR ROAD,46

BASHIKARRALU ROAD,28

VENKATASAMY ROAD,9

GOULIBROWN ROAD,35

PERIYASAMY ROAD,15

RAMACHANDIRA ROAD,23

SUGARCANE ROAD,33

JEEVANANTHAM STREET,28

THIRUVALLUVAR STREET 1,3

BHARATHIYAR STREET 2,3

GOKULAM COLONY 3,6

MASANIAMMAN KOVIL STREET,2

SASTHIRI STREET 2,4

GOKULAM COLONY 4,14

GOWTHAM COLONY,6

KUMARASAMY COLONY,3

SASTHIRI STREET 4,1

GOKULAM COLONY,21

GOKULAM COLONY 5,2

GOKULAM COLONY 6,6

GOKULAM COLONY 1,2

GOKULAM COLONY 8,2

SASTHIRI STREET 1,3

THOPPU THOTTAM,4

NAICKER THOTTAM,33

PATTAPPAN SANTHU,1

PECHIANNAN SANTHU,2

KUPPANNAN SANTHU,2

GCT INTERNAL ROAD,5

FOREST COLLEGE INTERNAL ROAD,53

PANAIMARATHUR ROAD,12

THIYAGI KUMAREN STREET,4

BHARATHIYAR STREET 1,16

RAJAN COLONY,7

THILAGAR STREET 2,1

THILAGAR STREET 1,12

THIRUVALLUVAR STREET 2,2

NEHRUJI STREET,3

INDIRAGANDHI STREET ( EAST ),2

NEHRUJI STREET (WEST),1

INDIRAGANDHI STREET,2

INDIRAGANDHI STREET ( WEST ),1

KALAYANASUNDARANAR STREET,2

BALAJI GARDEN,3

NEW ANAND NAGAR STREET 1,1

GOPAL THOTTAM,2

AJAY MOHARJE STREET,5

BAGAVATHSINGH STREET,2

THIYAGI KULLAPPAN STREET,6

THIRU.VENKETASAMY ROAD,33

PUNNIYAKODI STREET,11

VENKETACHALLAM ROAD,14

D.B.ROAD,63

WEST SAMBANDAM ROAD,11

NANNERI KAZHAGA 2ND CROSS STREET,1

AZAD ROAD,15

FATHER RANDY ROAD,5

SAINT MUNUSAMY STREET,8

AROKYASAMY STREET,7

VENKATARAMANA ROAD,3

LOGAMANIYA STREET,5

VINCENT COLONY ROAD,8

LANGAR KANA ROAD,7

SRINIVASA RAGAVAN ROAD,4

VLC ROAD,1

MAKALIAMMAN KOVIL STREET,1

MECRICAR ROAD,4

SIVASUBRAMANIYAM ROAD,10

RAMACHANDRA ROAD,2

SRI SHANMUGAM STREET,4

SIR C V RAMAN ROAD,2

V.O.C STREET,4

VENKATAKRISHNA ROAD,5

GURUGOVINDASINGH ROAD,6

SAMBANDAM ROAD,4

SIR.SHANMUGAM ROAD,48

PONNURANGAM ROAD,34

AROKIYASAMY ROAD,11

KANNUSAMY ROAD,14

LOGAMANIA STREET,8

